{"loss": 3789.5121880651136, "rmse": 7.843722820368169, "r_squared": 0.8227820811583022, "mse": 3789.5120389487033, "mae": 36.784384642429785, "_timestamp": 1706661600.8401768, "_runtime": 87.21683979034424, "_step": 40}