{"loss": 2981.295999552219, "rmse": 7.388617043405133, "r_squared": 0.8157604434846015, "mse": 2981.296017208615, "mae": 31.538219400354333, "_timestamp": 1706656155.4939039, "_runtime": 177.8496699333191, "_step": 69}