{"Communication Time": 0.9901309013366699, "_timestamp": 1706656155.491982, "_runtime": 122.9077410697937, "_step": 279, "RMSE (test data)": 53.41968536376953, "MAE (test data)": 31.454498291015625, "MAPE (test data)": 128.51468324661255, "MSE (test data)": 2853.66259765625, "R2 (test data)": 0.8382653716683273, "loss(test data)": 2853.662563981681, "Scatter Plot": {"_type": "image-file", "sha256": "e0be77eb2a6535306b64ac3f1eb594cec87df07dbfb74075fc1a9f6a1636d0f4", "size": 44423, "path": "media/images/Scatter Plot_278_e0be77eb2a6535306b64.png", "format": "png", "width": 800, "height": 600}, "Distribution Plot": {"_type": "image-file", "sha256": "3b734e66903181da8036cb7902e51b30ea123752e09862ca97d2914c3c89c656", "size": 30173, "path": "media/images/Distribution Plot_279_3b734e66903181da8036.png", "format": "png", "width": 800, "height": 600}}