{"Communication Time": 1.2298378944396973, "_timestamp": 1706656156.725757, "_runtime": 117.21430087089539, "_step": 280, "RMSE (test data)": 55.484596252441406, "MAE (test data)": 31.602006912231445, "MAPE (test data)": 135.16883850097656, "MSE (test data)": 3078.54052734375, "R2 (test data)": 0.7986138315350964, "loss(test data)": 3078.540521891677, "Scatter Plot": {"_type": "image-file", "sha256": "fdb5f9022eefbaf16cfe71fc88348ea4eec4061ba3d2eca31210f18930dcb868", "size": 43250, "path": "media/images/Scatter Plot_278_fdb5f9022eefbaf16cfe.png", "format": "png", "width": 800, "height": 600}, "Distribution Plot": {"_type": "image-file", "sha256": "74562e09cd566dcf83d7c72dca15f1b29608abdba0912f83f313cf568f65b1d0", "size": 30415, "path": "media/images/Distribution Plot_279_74562e09cd566dcf83d7.png", "format": "png", "width": 800, "height": 600}}