{"Communication Time": 1.2771918773651123, "_timestamp": 1706661980.808331, "_runtime": 47.878987073898315, "_step": 103, "RMSE (test data)": 65.69977569580078, "MAE (test data)": 45.704158782958984, "MAPE (test data)": 93.80191564559937, "MSE (test data)": 4316.4609375, "R2 (test data)": 0.8406082648182396, "loss(test data)": 4316.460845710027, "Scatter Plot": {"_type": "image-file", "sha256": "beec88fb98eff99b402f04faa65d9a98fca6e0025dc0720ea46d9c7b13c29587", "size": 42682, "path": "media/images/Scatter Plot_102_beec88fb98eff99b402f.png", "format": "png", "width": 800, "height": 600}, "Distribution Plot": {"_type": "image-file", "sha256": "ac089a3d88614c48279f2d712495d452459ea35a9769efe9aba7ca4a49131d45", "size": 32042, "path": "media/images/Distribution Plot_103_ac089a3d88614c48279f.png", "format": "png", "width": 800, "height": 600}}