{"Communication Time": 0.9286887645721436, "_timestamp": 1706661981.784182, "_runtime": 51.847639083862305, "_step": 104, "RMSE (test data)": 57.83125305175781, "MAE (test data)": 38.468505859375, "MAPE (test data)": 150.01577138900757, "MSE (test data)": 3344.453857421875, "R2 (test data)": 0.8589289989931137, "loss(test data)": 3344.4537411644346, "Scatter Plot": {"_type": "image-file", "sha256": "1dd0bdcea97ac22a3889f510094d4070ef078e53dcbd06b1ebf2306b9e8fa45b", "size": 43714, "path": "media/images/Scatter Plot_102_1dd0bdcea97ac22a3889.png", "format": "png", "width": 800, "height": 600}, "Distribution Plot": {"_type": "image-file", "sha256": "3457f44f5cca9c93c861fc63dc772362869a5a365e62abada54bbd951187e9ca", "size": 33734, "path": "media/images/Distribution Plot_103_3457f44f5cca9c93c861.png", "format": "png", "width": 800, "height": 600}}