{"Communication Time": 1.1827647686004639, "_timestamp": 1706661982.038444, "_runtime": 55.47230100631714, "_step": 104, "RMSE (test data)": 52.599552154541016, "MAE (test data)": 36.05539321899414, "MAPE (test data)": 164.07506465911865, "MSE (test data)": 2766.712890625, "R2 (test data)": 0.8621723639497528, "loss(test data)": 2766.713019263736, "Scatter Plot": {"_type": "image-file", "sha256": "8ea0fce27b0a0c5779fe66150560591fc9ef01de694d3882e7f6329f50dd2e10", "size": 43574, "path": "media/images/Scatter Plot_102_8ea0fce27b0a0c5779fe.png", "format": "png", "width": 800, "height": 600}, "Distribution Plot": {"_type": "image-file", "sha256": "dd38c0b0b5531203890364d4180499f02a950495adcccfdc3f0deeea3aa0bb24", "size": 31885, "path": "media/images/Distribution Plot_103_dd38c0b0b55312038903.png", "format": "png", "width": 800, "height": 600}}