{"loss": 3483.7739747581654, "rmse": 7.665341357021304, "r_squared": 0.853524584669981, "mse": 3483.7739932330023, "mae": 40.191533969706725, "_timestamp": 1706661980.8538601, "_runtime": 58.30944013595581, "_step": 25}