{"Communication Time": 1.0435798168182373, "_timestamp": 1706661600.8384168, "_runtime": 70.6366777420044, "_step": 163, "RMSE (test data)": 63.33773422241211, "MAE (test data)": 38.41281509399414, "MAPE (test data)": 170.5391764640808, "MSE (test data)": 4011.668701171875, "R2 (test data)": 0.8001531672136589, "loss(test data)": 4011.6688234981, "Scatter Plot": {"_type": "image-file", "sha256": "003df63fed218e38742af0916999b5b77eca7561f3e659104f85f3428a962e9a", "size": 46003, "path": "media/images/Scatter Plot_162_003df63fed218e38742a.png", "format": "png", "width": 800, "height": 600}, "Distribution Plot": {"_type": "image-file", "sha256": "50e97a2a243adbba70de71af7817aacbaf30d2bee732fa618902353729a58730", "size": 31945, "path": "media/images/Distribution Plot_163_50e97a2a243adbba70de.png", "format": "png", "width": 800, "height": 600}}