{"Communication Time": 0.7841999530792236, "_timestamp": 1706661601.626675, "_runtime": 61.27264595031738, "_step": 164, "RMSE (test data)": 59.14718246459961, "MAE (test data)": 34.65042495727539, "MAPE (test data)": 146.8700408935547, "MSE (test data)": 3498.38916015625, "R2 (test data)": 0.852435905201145, "loss(test data)": 3498.3893443795787, "Scatter Plot": {"_type": "image-file", "sha256": "b0b72285474a01150af8da87b5c646d4045e6ef3206294fd14ab55c4180212b7", "size": 44857, "path": "media/images/Scatter Plot_162_b0b72285474a01150af8.png", "format": "png", "width": 800, "height": 600}, "Distribution Plot": {"_type": "image-file", "sha256": "ab9a2866fd66283b8b5f83b674cafa5654098d763579c6d2e44013cc1802d20e", "size": 33134, "path": "media/images/Distribution Plot_163_ab9a2866fd66283b8b5f.png", "format": "png", "width": 800, "height": 600}}